,precision,recall,f1-score,support
normal,1.0,0.7566666666666667,0.8614800759013282,300.0
academic_stress,0.7746913580246914,0.8366666666666667,0.8044871794871795,300.0
emotional_distress,0.8414239482200647,0.8666666666666667,0.8538587848932676,300.0
urgent_human_review,0.8823529411764706,1.0,0.9375,300.0
accuracy,0.865,0.865,0.865,0.865
macro avg,0.8746170618553067,0.865,0.8643315100704438,1200.0
weighted avg,0.8746170618553066,0.865,0.8643315100704438,1200.0
