,precision,recall,f1-score,support
normal,0.7007874015748031,0.6860416666666667,0.6933361406463838,4800.0
academic_stress,0.6381620931716656,0.2777777777777778,0.38707180181923745,3600.0
emotional_distress,0.41783345615327927,0.70875,0.5257301808066759,2400.0
urgent_human_review,0.25315694527961513,0.35083333333333333,0.29409710094306674,1200.0
accuracy,0.5345833333333333,0.5345833333333333,0.5345833333333333,0.5345833333333333
macro avg,0.5024849740448407,0.5058506944444445,0.475058806053841,12000.0
weighted avg,0.5806459743400384,0.5345833333333333,0.5280117430599667,12000.0
