model,split,accuracy,macro_f1
BiLSTM,test,0.5345833333333333,0.475058806053841
BiLSTM,challenge,0.3808333333333333,0.3386069937920738
TextCNN,test,1.0,1.0
TextCNN,challenge,0.7441666666666666,0.7228636958955152
