model,epoch,train_loss,val_accuracy,val_macro_f1
BiLSTM,1,1.3380209878087044,0.5428333333333333,0.4821979428705102
TextCNN,1,0.36457852922142187,1.0,1.0
TextCNN,2,0.014737400954509986,1.0,1.0
